BusinessEntityID,PersonType,NameStyle,Title,FirstName,MiddleName,LastName,Suffix,EmailPromotion,ModifiedDate
1,EM,False,,Ken,J,Sánchez,,0,2009-01-07 00:00:00
2,EM,False,,Terri,Lee,Duffy,,1,2008-01-24 00:00:00
3,EM,False,,Roberto,,Tamburello,,0,2007-11-04 00:00:00
4,EM,False,,Rob,,Walters,,0,2007-11-28 00:00:00
5,EM,False,Ms.,Gail,A,Erickson,,0,2007-12-30 00:00:00
6,EM,False,Mr.,Jossef,H,Goldberg,,0,2013-12-16 00:00:00
7,EM,False,,Dylan,A,Miller,,2,2009-02-01 00:00:00
8,EM,False,,Diane,L,Margheim,,0,2008-12-22 00:00:00
9,EM,False,,Gigi,N,Matthew,,0,2009-01-09 00:00:00
10,EM,False,,Michael,,Raheem,,2,2009-04-26 00:00:00
11,EM,False,,Ovidiu,V,Cracium,,0,2010-11-28 00:00:00
12,EM,False,,Thierry,B,D'Hers,,2,2007-12-04 00:00:00
13,EM,False,Ms.,Janice,M,Galvin,,2,2010-12-16 00:00:00
14,EM,False,,Michael,I,Sullivan,,2,2010-12-23 00:00:00
15,EM,False,,Sharon,B,Salavaria,,2,2011-01-11 00:00:00
16,EM,False,,David,M,Bradley,,1,2007-12-13 00:00:00
17,EM,False,,Kevin,F,Brown,,2,2007-01-19 00:00:00
18,EM,False,,John,L,Wood,,2,2011-01-31 00:00:00
19,EM,False,,Mary,A,Dempsey,,1,2011-02-07 00:00:00
20,EM,False,,Wanida,M,Benshoof,,2,2010-12-31 00:00:00
21,EM,False,,Terry,J,Eminhizer,,2,2009-02-23 00:00:00
22,EM,False,,Sariya,E,Harnpadoungsataya,,0,2008-12-05 00:00:00
23,EM,False,,Mary,E,Gibson,,0,2009-01-05 00:00:00
24,EM,False,Ms.,Jill,A,Williams,,0,2009-01-11 00:00:00
25,EM,False,,James,R,Hamilton,,0,2009-01-27 00:00:00
26,EM,False,,Peter,J,Krebs,,0,2008-11-24 00:00:00
27,EM,False,,Jo,A,Brown,,0,2008-02-20 00:00:00
28,EM,False,,Guy,R,Gilbert,,0,2006-06-23 00:00:00
29,EM,False,,Mark,K,McArthur,,1,2009-01-16 00:00:00
30,EM,False,,Britta,L,Simon,,0,2009-01-22 00:00:00
31,EM,False,,Margie,W,Shoop,,2,2008-12-28 00:00:00
32,EM,False,,Rebecca,A,Laszlo,,1,2008-12-22 00:00:00
33,EM,False,,Annik,O,Stahl,,0,2008-12-10 00:00:00
34,EM,False,,Suchitra,O,Mohan,,2,2009-02-09 00:00:00
35,EM,False,,Brandon,G,Heidepriem,,1,2009-02-01 00:00:00
36,EM,False,,Jose,R,Lugo,,2,2009-02-03 00:00:00
37,EM,False,,Chris,O,Okelberry,,0,2009-02-28 00:00:00
38,EM,False,,Kim,B,Abercrombie,,2,2010-01-09 00:00:00
39,EM,False,,Ed,R,Dudenhoefer,,0,2010-01-29 00:00:00
40,EM,False,,JoLynn,M,Dobney,,1,2007-12-19 00:00:00
41,EM,False,,Bryan,,Baker,,0,2009-01-14 00:00:00
42,EM,False,,James,D,Kramer,,2,2008-12-20 00:00:00
43,EM,False,,Nancy,A,Anderson,,1,2008-12-26 00:00:00
44,EM,False,,Simon,D,Rapier,,0,2008-12-01 00:00:00
45,EM,False,,Thomas,R,Michaels,,1,2009-02-19 00:00:00
46,EM,False,,Eugene,O,Kogan,,0,2009-02-01 00:00:00
47,EM,False,,Andrew,R,Hill,,1,2009-02-15 00:00:00
48,EM,False,,Ruth,Ann,Ellerbrock,,0,2007-12-30 00:00:00
49,EM,False,,Barry,K,Johnson,,0,2013-11-29 00:00:00
50,EM,False,,Sidney,M,Higa,,0,2008-01-26 00:00:00
51,EM,False,,Jeffrey,L,Ford,,0,2008-02-13 00:00:00
52,EM,False,,Doris,M,Hartwig,,0,2014-01-31 00:00:00
53,EM,False,,Diane,R,Glimp,,2,2008-03-21 00:00:00
54,EM,False,,Bonnie,N,Kearney,,0,2009-12-25 00:00:00
55,EM,False,,Taylor,R,Maxwell,,0,2013-12-31 00:00:00
56,EM,False,,Denise,H,Smith,,0,2009-01-29 00:00:00
57,EM,False,,Frank,T,Miller,,1,2009-02-16 00:00:00
58,EM,False,,Kendall,C,Keil,,2,2008-11-28 00:00:00
59,EM,False,,Bob,N,Hohman,,0,2008-12-17 00:00:00
60,EM,False,,Pete,C,Male,,2,2009-01-04 00:00:00
61,EM,False,,Diane,H,Tibbott,,0,2009-01-11 00:00:00
62,EM,False,,John,T,Campbell,,1,2014-02-07 00:00:00
63,EM,False,,Maciej,W,Dusza,,0,2010-01-22 00:00:00
64,EM,False,,Michael,J,Zwilling,,1,2010-02-16 00:00:00
65,EM,False,,Randy,T,Reeves,,0,2010-02-16 00:00:00
66,EM,False,,Karan,R,Khanna,,1,2009-12-15 00:00:00
67,EM,False,,Jay,G,Adams,,0,2009-02-26 00:00:00
68,EM,False,,Charles,B,Fitzgerald,,2,2009-11-26 00:00:00
69,EM,False,,Steve,F,Masters,,1,2009-02-08 00:00:00
70,EM,False,,David,J,Ortiz,,0,2008-12-08 00:00:00
71,EM,False,,Michael,Sean,Ray,,2,2009-02-08 00:00:00
72,EM,False,,Steven,T,Selikoff,,2,2008-11-24 00:00:00
73,EM,False,,Carole,M,Poland,,2,2008-12-12 00:00:00
74,EM,False,,Bjorn,M,Rettig,,1,2008-12-31 00:00:00
75,EM,False,,Michiko,F,Osada,,0,2009-01-19 00:00:00
76,EM,False,,Carol,M,Philips,,2,2009-02-05 00:00:00
77,EM,False,,Merav,A,Netz,,0,2009-02-24 00:00:00
78,EM,False,,Reuben,H,D'sa,,2,2008-12-08 00:00:00
79,EM,False,,Eric,L,Brown,,0,2010-01-17 00:00:00
80,EM,False,,Sandeep,P,Kaliyath,,2,2010-01-10 00:00:00
81,EM,False,,Mihail,U,Frintu,,0,2009-12-22 00:00:00
82,EM,False,,Jack,T,Creasey,,0,2010-02-24 00:00:00
83,EM,False,,Patrick,M,Cook,,0,2010-02-05 00:00:00
84,EM,False,,Frank,R,Martinez,,1,2010-01-29 00:00:00
85,EM,False,,Brian,Richard,Goldstein,,0,2009-12-04 00:00:00
86,EM,False,,Ryan,L,Cornelsen,,2,2008-12-29 00:00:00
87,EM,False,,Cristian,K,Petculescu,,1,2008-12-15 00:00:00
88,EM,False,,Betsy,A,Stadick,,0,2009-12-11 00:00:00
89,EM,False,,Patrick,C,Wedge,,0,2010-01-25 00:00:00
90,EM,False,,Danielle,C,Tiedt,,1,2010-02-13 00:00:00
91,EM,False,,Kimberly,B,Zimmerman,,0,2010-01-05 00:00:00
92,EM,False,,Tom,M,Vande Velde,,0,2010-03-03 00:00:00
93,EM,False,,Kok-Ho,T,Loh,,2,2008-12-20 00:00:00
94,EM,False,,Russell,,Hunter,,1,2008-12-05 00:00:00
95,EM,False,,Jim,H,Scardelis,,2,2008-12-12 00:00:00
96,EM,False,,Elizabeth,I,Keyser,,0,2009-02-23 00:00:00
97,EM,False,,Mandar,H,Samant,,0,2009-02-03 00:00:00
98,EM,False,,Sameer,A,Tejani,,0,2009-02-04 00:00:00
99,EM,False,,Nuan,,Yu,,0,2008-12-30 00:00:00
100,EM,False,,Lolan,B,Song,,1,2009-01-05 00:00:00
101,EM,False,,Houman,N,Pournasseh,,2,2009-01-18 00:00:00
102,EM,False,,Zheng,W,Mu,,0,2008-11-26 00:00:00
103,EM,False,,Ebru,N,Ersan,,2,2009-11-29 00:00:00
104,EM,False,,Mary,R,Baker,,2,2009-12-18 00:00:00
105,EM,False,,Kevin,M,Homer,,0,2009-12-18 00:00:00
106,EM,False,,John,T,Kane,,1,2010-02-20 00:00:00
107,EM,False,,Christopher,E,Hill,,0,2010-02-01 00:00:00
108,EM,False,,Jinghao,K,Liu,,0,2008-12-01 00:00:00
109,EM,False,,Alice,O,Ciccu,,1,2008-11-30 00:00:00
110,EM,False,,Jun,T,Cao,,0,2008-12-07 00:00:00
111,EM,False,,Suroor,R,Fatima,,0,2008-12-10 00:00:00
112,EM,False,,John,P,Evans,,1,2008-12-25 00:00:00
113,EM,False,,Linda,K,Moschell,,1,2008-12-18 00:00:00
114,EM,False,,Mindaugas,J,Krapauskas,,1,2009-01-06 00:00:00
115,EM,False,,Angela,W,Barbariol,,2,2009-01-13 00:00:00
116,EM,False,,Michael,W,Patten,,0,2009-01-24 00:00:00
117,EM,False,,Chad,W,Niswonger,,1,2009-02-11 00:00:00
118,EM,False,,Don,L,Hall,,0,2009-02-06 00:00:00
119,EM,False,,Michael,T,Entin,,1,2009-02-18 00:00:00
120,EM,False,,Kitti,H,Lertpiriyasuwat,,0,2009-02-25 00:00:00
121,EM,False,,Pilar,G,Ackerman,,0,2008-12-26 00:00:00
122,EM,False,,Susan,W,Eaton,,2,2008-11-30 00:00:00
123,EM,False,,Vamsi,N,Kuppa,,0,2008-11-30 00:00:00
124,EM,False,,Kim,T,Ralls,,2,2008-12-19 00:00:00
125,EM,False,,Matthias,T,Berndt,,0,2009-01-13 00:00:00
126,EM,False,,Jimmy,T,Bischoff,,0,2009-02-19 00:00:00
127,EM,False,,David,P,Hamilton,,1,2008-12-27 00:00:00
128,EM,False,,Paul,B,Komosinski,,2,2008-11-27 00:00:00
129,EM,False,,Gary,W,Yukish,,0,2008-12-15 00:00:00
130,EM,False,,Rob,T,Caron,,0,2009-02-06 00:00:00
131,EM,False,,Baris,F,Cetinok,,2,2009-02-08 00:00:00
132,EM,False,,Nicole,B,Holliday,,0,2009-02-15 00:00:00
133,EM,False,,Michael,L,Rothkugel,,2,2009-01-03 00:00:00
134,EM,False,,Eric,,Gubbels,,2,2009-01-07 00:00:00
135,EM,False,,Ivo,William,Salmre,,0,2008-11-27 00:00:00
136,EM,False,,Sylvester,A,Valdez,,0,2009-12-04 00:00:00
137,EM,False,,Anibal,T,Sousa,,0,2009-02-16 00:00:00
138,EM,False,,Samantha,H,Smith,,0,2009-01-28 00:00:00
139,EM,False,Mr.,Hung-Fu,T,Ting,,0,2009-12-30 00:00:00
140,EM,False,,Prasanna,E,Samarawickrama,,1,2010-01-15 00:00:00
141,EM,False,,Min,G,Su,,0,2010-01-17 00:00:00
142,EM,False,,Olinda,C,Turner,,0,2010-02-25 00:00:00
143,EM,False,,Krishna,,Sunkammurali,,2,2010-02-06 00:00:00
144,EM,False,,Paul,R,Singh,,2,2009-01-10 00:00:00
145,EM,False,,Cynthia,S,Randall,,0,2009-01-20 00:00:00
146,EM,False,,Jian Shuo,,Wang,,0,2008-11-30 00:00:00
147,EM,False,,Sandra,,Reátegui Alayo,,0,2008-12-19 00:00:00
148,EM,False,,Jason,M,Watters,,0,2009-01-07 00:00:00
149,EM,False,,Andy,M,Ruth,,1,2009-01-24 00:00:00
150,EM,False,,Michael,T,Vanderhyde,,2,2009-02-19 00:00:00
151,EM,False,,Rostislav,E,Shabalin,,2,2009-02-12 00:00:00
152,EM,False,,Yuhong,L,Li,,1,2009-01-25 00:00:00
153,EM,False,,Hanying,P,Feng,,0,2008-12-09 00:00:00
154,EM,False,,Raymond,K,Sam,,0,2008-12-16 00:00:00
155,EM,False,,Fadi,K,Fakhouri,,2,2008-12-28 00:00:00
156,EM,False,,Lane,M,Sacksteder,,1,2009-01-04 00:00:00
157,EM,False,,Linda,A,Randall,,0,2009-01-27 00:00:00
158,EM,False,,Shelley,N,Dyck,,0,2009-02-28 00:00:00
159,EM,False,,Terrence,W,Earls,,1,2009-02-09 00:00:00
160,EM,False,,Jeff,V,Hay,,1,2009-01-14 00:00:00
161,EM,False,,Kirk,J,Koenigsbauer,,1,2008-12-08 00:00:00
162,EM,False,,Laura,C,Steele,,0,2008-12-27 00:00:00
163,EM,False,,Alex,M,Nayberg,,1,2009-02-01 00:00:00
164,EM,False,,Andrew,M,Cencini,,0,2009-02-27 00:00:00
165,EM,False,,Chris,T,Preston,,0,2009-01-15 00:00:00
166,EM,False,,Jack,S,Richins,,0,2009-02-14 00:00:00
167,EM,False,,David,N,Johnson,,0,2008-11-25 00:00:00
168,EM,False,,Garrett,R,Young,,2,2008-11-30 00:00:00
169,EM,False,,Susan,A,Metters,,1,2008-12-07 00:00:00
170,EM,False,,George,Z,Li,,0,2008-12-14 00:00:00
171,EM,False,,David,A,Yalovsky,,1,2008-12-26 00:00:00
172,EM,False,,Marc,J,Ingle,,2,2009-01-09 00:00:00
173,EM,False,,Eugene,R,Zabokritski,,0,2009-01-14 00:00:00
174,EM,False,,Benjamin,R,Martin,,2,2009-01-20 00:00:00
175,EM,False,,Reed,T,Koch,,0,2009-01-26 00:00:00
176,EM,False,,David,Oliver,Lawrence,,0,2009-02-07 00:00:00
177,EM,False,,Russell,M,King,,0,2009-02-14 00:00:00
178,EM,False,,John,N,Frum,,2,2009-02-24 00:00:00
179,EM,False,,Jan,S,Miksovsky,,0,2009-02-26 00:00:00
180,EM,False,,Katie,L,McAskill-White,,2,2009-02-13 00:00:00
181,EM,False,,Michael,T,Hines,,0,2008-12-02 00:00:00
182,EM,False,,Nitin,S,Mirchandani,,0,2008-12-21 00:00:00
183,EM,False,,Barbara,S,Decker,,0,2009-01-15 00:00:00
184,EM,False,,John,Y,Chen,,2,2009-02-02 00:00:00
185,EM,False,,Stefen,A,Hesse,,1,2009-02-21 00:00:00
186,EM,False,,Shane,S,Kim,,2,2009-02-01 00:00:00
187,EM,False,,Yvonne,S,McKay,,0,2008-12-02 00:00:00
188,EM,False,,Douglas,B,Hite,,1,2008-12-20 00:00:00
189,EM,False,,Janeth,M,Esteves,,1,2009-01-08 00:00:00
190,EM,False,,Robert,J,Rounthwaite,,0,2009-01-26 00:00:00
191,EM,False,,Lionel,C,Penuchot,,1,2009-02-19 00:00:00
192,EM,False,,Brenda,M,Diaz,,1,2009-02-26 00:00:00
193,EM,False,,Alejandro,E,McGuel,,0,2008-11-29 00:00:00
194,EM,False,,Fred,T,Northup,,0,2008-12-05 00:00:00
195,EM,False,,Kevin,H,Liu,,2,2008-12-10 00:00:00
196,EM,False,,Shammi,G,Mohamed,,0,2008-12-17 00:00:00
197,EM,False,,Rajesh,M,Patel,,1,2008-12-24 00:00:00
198,EM,False,,Lorraine,O,Nay,,1,2008-12-28 00:00:00
199,EM,False,,Paula,R,Nartker,,1,2009-01-05 00:00:00
200,EM,False,,Frank,T,Lee,,0,2009-01-10 00:00:00
201,EM,False,,Brian,T,Lloyd,,0,2009-01-22 00:00:00
202,EM,False,,Tawana,G,Nusbaum,,0,2009-01-29 00:00:00
203,EM,False,,Ken,L,Myer,,1,2009-02-17 00:00:00
204,EM,False,,Gabe,B,Mares,,0,2009-03-01 00:00:00
205,EM,False,,Lori,A,Kane,,0,2009-02-19 00:00:00
206,EM,False,,Stuart,V,Munson,,2,2008-11-25 00:00:00
207,EM,False,,Greg,F,Alderson,,0,2008-11-25 00:00:00
208,EM,False,,Scott,R,Gode,,0,2009-01-01 00:00:00
209,EM,False,,Kathie,E,Flood,,0,2009-01-20 00:00:00
210,EM,False,,Belinda,M,Newman,,2,2009-02-13 00:00:00
211,EM,False,,Hazem,E,Abolrous,,0,2009-02-21 00:00:00
212,EM,False,,Peng,J,Wu,,2,2008-12-02 00:00:00
213,EM,False,,Sootha,T,Charncherngkha,,0,2010-02-16 00:00:00
214,EM,False,,Andreas,T,Berglund,,0,2009-01-26 00:00:00
215,EM,False,,Mark,L,Harrington,,0,2009-01-08 00:00:00
216,EM,False,,Sean,P,Alexander,,2,2008-12-21 00:00:00
217,EM,False,,Zainal,T,Arifin,,1,2008-12-28 00:00:00
218,EM,False,,Tengiz,N,Kharatishvili,,1,2008-12-09 00:00:00
219,EM,False,,Sean,N,Chai,,0,2009-01-15 00:00:00
220,EM,False,,Karen,R,Berge,,0,2009-02-02 00:00:00
221,EM,False,,Chris,K,Norred,,0,2009-02-27 00:00:00
222,EM,False,,A. Scott,,Wright,,0,2008-12-05 00:00:00
223,EM,False,,Sairaj,L,Uddin,,0,2009-01-19 00:00:00
224,EM,False,,William,S,Vong,,2,2008-12-31 00:00:00
225,EM,False,,Alan,J,Brewer,,0,2009-02-06 00:00:00
226,EM,False,,Brian,P,LaMee,,0,2009-02-24 00:00:00
227,EM,False,,Gary,E.,Altman,III,0,2009-11-25 00:00:00
228,EM,False,,Christian,E,Kleinerman,,0,2008-12-07 00:00:00
229,EM,False,,Lori,K,Penor,,0,2010-02-09 00:00:00
230,EM,False,,Stuart,J,Macrae,,0,2010-02-26 00:00:00
231,EM,False,,Jo,L,Berry,,0,2010-02-28 00:00:00
232,EM,False,,Pat,H,Coleman,,0,2010-01-20 00:00:00
233,EM,False,,Magnus,E,Hedlund,,0,2009-12-14 00:00:00
234,EM,False,,Laura,F,Norman,,1,2009-01-24 00:00:00
235,EM,False,,Paula,M,Barreto de Mattos,,2,2008-11-29 00:00:00
236,EM,False,,Grant,N,Culbertson,,2,2009-02-18 00:00:00
237,EM,False,,Hao,O,Chen,,0,2009-01-30 00:00:00
238,EM,False,,Vidur,X,Luthra,,0,2008-12-25 00:00:00
239,EM,False,,Mindy,C,Martin,,0,2008-12-18 00:00:00
240,EM,False,,Willis,T,Johnson,,0,2008-12-06 00:00:00
241,EM,False,,David,J,Liu,,0,2009-01-23 00:00:00
242,EM,False,,Deborah,E,Poe,,0,2008-12-11 00:00:00
243,EM,False,,Candy,L,Spoon,,0,2008-12-30 00:00:00
244,EM,False,,Bryan,A,Walton,,0,2009-01-17 00:00:00
245,EM,False,,Barbara,C,Moreland,,0,2009-02-11 00:00:00
246,EM,False,,Dragan,K,Tomic,,1,2009-02-04 00:00:00
247,EM,False,,Janet,L,Sheperdigian,,0,2009-02-22 00:00:00
248,EM,False,,Mike,K,Seamans,,2,2009-03-01 00:00:00
249,EM,False,,Wendy,Beth,Kahn,,2,2008-12-18 00:00:00
250,EM,False,,Sheela,H,Word,,0,2011-02-18 00:00:00
251,EM,False,,Mikael,Q,Sandberg,,2,2009-02-03 00:00:00
252,EM,False,,Arvind,B,Rao,,0,2009-02-21 00:00:00
253,EM,False,,Linda,P,Meisner,,0,2009-12-10 00:00:00
254,EM,False,,Fukiko,J,Ogisu,,0,2009-12-28 00:00:00
255,EM,False,,Gordon,L,Hee,,0,2010-01-04 00:00:00
256,EM,False,,Frank,S,Pellow,,0,2010-01-16 00:00:00
257,EM,False,,Eric,S,Kurjan,,2,2010-01-20 00:00:00
258,EM,False,,Erin,M,Hagens,,0,2010-01-24 00:00:00
259,EM,False,,Ben,T,Miller,,0,2010-03-02 00:00:00
260,EM,False,,Annette,L,Hill,,1,2010-11-29 00:00:00
261,EM,False,,Reinout,N,Hillmann,,2,2010-12-18 00:00:00
262,EM,False,,David,M,Barber,,0,2009-01-05 00:00:00
263,EM,False,,Jean,E,Trenary,,2,2008-12-04 00:00:00
264,EM,False,,Stephanie,A,Conroy,,2,2009-01-28 00:00:00
265,EM,False,,Ashvini,R,Sharma,,1,2008-11-27 00:00:00
266,EM,False,,Peter,I,Connelly,,0,2009-02-16 00:00:00
267,EM,False,,Karen,A,Berg,,0,2009-02-09 00:00:00
268,EM,False,,Ramesh,V,Meyyappan,,1,2009-01-27 00:00:00
269,EM,False,,Dan,K,Bacon,Jr.,0,2009-01-04 00:00:00
270,EM,False,,François,P,Ajenstat,,0,2009-01-10 00:00:00
271,EM,False,,Dan,B,Wilson,,0,2009-01-15 00:00:00
272,EM,False,,Janaina,Barreiro Gambaro,Bueno,,0,2008-12-16 00:00:00
273,EM,False,Mr.,Brian,S,Welcker,,0,2011-02-08 00:00:00
274,SP,False,,Stephen,Y,Jiang,,0,2010-12-28 00:00:00
275,SP,False,,Michael,G,Blythe,,1,2011-05-24 00:00:00
276,SP,False,,Linda,C,Mitchell,,0,2011-05-24 00:00:00
277,SP,False,,Jillian,,Carson,,1,2011-05-24 00:00:00
278,SP,False,,Garrett,R,Vargas,,0,2011-05-24 00:00:00
279,SP,False,,Tsvi,Michael,Reiter,,1,2011-05-24 00:00:00
280,SP,False,,Pamela,O,Ansman-Wolfe,,1,2011-05-24 00:00:00
281,SP,False,,Shu,K,Ito,,2,2011-05-24 00:00:00
282,SP,False,,José,Edvaldo,Saraiva,,0,2011-05-24 00:00:00
283,SP,False,,David,R,Campbell,,0,2011-05-24 00:00:00
284,SP,False,Mr.,Tete,A,Mensa-Annan,,1,2012-09-23 00:00:00
285,SP,False,Mr.,Syed,E,Abbas,,0,2013-03-07 00:00:00
286,SP,False,,Lynn,N,Tsoflias,,2,2013-05-23 00:00:00
287,SP,False,,Amy,E,Alberts,,1,2012-04-09 00:00:00
288,SP,False,,Rachel,B,Valdez,,0,2013-05-23 00:00:00
289,SP,False,,Jae,B,Pak,,0,2012-05-23 00:00:00
290,SP,False,,Ranjit,R,Varkey Chudukatil,,0,2012-05-23 00:00:00
